Model,Accuracy,Precision,Recall,F1-Score,ROC-AUC
Random Forest,0.82,0.8373424971363116,0.8882138517618469,0.8620283018867925,0.8918998092064875
Logistic Regression,0.7576923076923077,0.7847533632286996,0.850546780072904,0.8163265306122449,0.8152741797025251
Gradient Boosting,0.8153846153846154,0.8377752027809965,0.8784933171324423,0.8576512455516014,0.882946014861006
